member,reserve
4hUR6YXbLUQfG8ETKd2G5bREzib1HrwDAiGVkk1Q5KYQ,100
GwPnHsJtKmJ24HeK867mq6vEM7h5RjkNFwUKipzqWWF9,100
2nZfGdQFr3i35bFYKdaSonfyxtFWaRqXAuE8HsVhrHAw,100
2RgYi1HWqqsXFhyNXvfrC62YVqhmeeBauEpN5QYi5N8q,100
BmpoguGJkpGmc2PcptqYsDMzDqduYZi3hSyTL3QSQeda,100
FyURKdWxxGHaMLNzknqZJDwTagxQWtwYR5RZn5QSV2ix,100
A737Pcr54EGkkLJH6oQLLkgr3FAonSg4ktnHtKssyGu4,100
CRmpJakEpuZUTncwSwUxVyLD3pWMWAQonXRyLNjMyUx4,100
GTfNfgLvg5tKVv2KSges27faGU5mvqQLcDgo7Xu15ixq,100
3MCX26woWvmP7irEtiXexPpWKnEd6Db2fcmM9DcR4kPg,100
HnSGCxuvqcFCX4ijQ9zt33ZjkJ7BmuusKUaepW6BL6Ue,100
Aip1JxeoxwevSAySmBDXV1SLXmYdpLoSQMuTjZwFzoMU,100
Ck1RJDT299zdHe7KKZYABBAqEBBP298AwqxzmuoGiJMM,100
BXj3DuuNW7Fr9LfgKxqWqgfbh2kAxDeLo9NNcF8vtWuc,100
CtxLJRdR3LTHReooZQkGgYC7tYkAr3R2WrLS8dyTHKn8,100
3qCyMPU8AmjykN5cZKjQAYYnJSKrKK3rDNZzBLU6DAHk,100
6cArf66dgh2XpUuHYWgvqsPnXomC4HdCHUiJJV46LZWG,100
3qJCPwGbdPb51mEhWHfpmag2N6jhCBKidbLHwdtaXZLM,100
DaRC6z14R7pRBmP7DMPyKNA44MZ4sgkr1fQRwUxqAz6a,100
5kFsiHABVWZuAAJVo1KygzgHDYHT5yGkcntWx1VvGHjJ,100
8HXJEkNSnpYxMocS4M1rnH6g4uNiHMWvV57MsCCyf1vX,100
Crf37D4A4s1hGwwLnFfzt2qLuvDhmU7f1xP5ZcgArwxe,100
3Hpbdd8XfZ6XkRz7Y2dX8ien9eJQk3FT8Gyx7WEmGc8h,100
9QYhCcEHhYBwacoG3LqDvhA63YZN75obS2AiPzKRp1Jq,100
AhU1udvahLUqyawDKUJB4Kj4SDC62qmxcefy8s4D2djb,100
2DUu5ZkpQAkAhajCRWMUQyJ6sGdYhyL8gX9pNv8piwCT,100
7EQzL6AKLTaXqZbMKFZ311nBccmHQbTUBNAComCNNAnu,100
RaA8CGM8dzqo5KFnJRpt8bPqnKoju2yZeNVfyxGjWk2,100
7eQYgepuyxHuxRfrwVoPKvDErnttn3TN8gX4wJA8HAFM,100
EKG2d3Z7jdWbrK5iNgZYYmQzANUEKQYR4ZKkVj2PTXRM,100
2BkZiFWtBBwxGqEikEFhpqtFZqD2vBG23vVV4iRc56tU,100
Gd8R5K7fsKpJfwxxMUN3V3ZgQFfe6eHf5PexZMLoQ1E3,100
7SbUF2q7HjVAYmhQCveBreVBUiMBuVGjZVPQVGnSeK2B,100
84NG6dsqvtZcokMjByGoSeHX9ThwiufsMtYBCkmauY3o,100
4xDB5kBTXeL26PYt3Esrit18LMVD3BW8P9UkWpuwqrcZ,100
7SXyppWYabsDG2WGBWZCTK583ZhJhYLM7Ppd822fwmNc,100
D1kX5qteAgjowTexbWj9CgBzBiKiAa7i2kq5LbrqeTew,100
Bs5QmXg882gomr27LcQhZRLhTDRU2XDmgKZaEengdJtb,100
8U2ykSe1FtdGkcbuF3CatFFEXkggNBrTHLiC8Khk44LM,100
3CSDjcpou76hAtHiQiHrtGh4ukX4foF2VexeBcWMRAfp,100
2P7MzjU1Ny3BJR9mZiEkGQB8siZzjjoGSZfgfrq5xZh8,100
AdoGa81GEi48A9rjk2Dgr5sjnHJHE4krQYPpB6a1gf1Y,100
ABcR4ZkkVdN4gHtHRVwyEZbYVkmWgc999gjswyExSDkS,100
HvVJxvM5F7syDPAaXiwceEym2JN9GpKUYLL9tez4mLXy,100
5gzvzEixKSaSB566HgatTBfcnBk6U278DMWhDB2B7mrN,100
3ofCGgJAmu1eHxM369vKm3kkad9MLoW3NoyNyGG3ejQm,100
iUgqVSaVpQfF7AbMGeoGy8oVJyzHFJJYoAVPQWneiZW,100
6Bx1dvQzXyfP8onaW16GUBzw7j6NeRbCKgELaSVqKmHD,100
Gq9NrMG6NgNRs8DRGPgUeK6sPp1WjmxATrn6cvnwCr6c,100
9WhK5VfBqEHsMRTZiBFjs11GSbwT9TVKCGdEg2hfrNy5,100
UK2NWM6SaBDshBPPQN9xc3CyTcuVZ3ZSnBeJgWJF1ov,100
34KPQuqsNpFHHoXTJU4MiUZqZFpyzw7kYvoLrN2QFs9J,100
DUoDJZpgbEzmkrjAEWHt9SM82XLGXM3pdV6qj3sg8G3g,100
7VrArv1aniwC3n2W7vYFd4CBzpWiMU1Jb8uWhcsfLuqp,100
4Ad25g18YkCintZQtWudwARNoR7cNkeo4BQkx3GAP1oa,100
5FDGFD2V1fqdtCjgJNCSeY5KLar4cXv35W2BzndUGRPo,100
HekmxKMkGDC8f4duWafH2DdPB2NHZ6YMdLwDwruW7S2o,100
ADE5xTtmwzg7styRF4fc3XWxhntD2xNgxPH9j4YbQNoG,100
7wLneCPVQXXLajKTaTX6VzApcWWj4Xp8tVufaUFxo93M,100
DmiLhdkYotAyEekhXcrvMusZY3SVhvgM7noPHwUmrTay,100
12duWRKGoGMD9qbKB7igUitDG3cCTK4At5SY7cT6E5Ba,100
2xE7HLyEXgt39cALfb1XiygEMB3HbNd1JfT7YhHhSRHY,100
DXDkokCFMrJuANxJmgkwPR963TrqcLKrQEzLcT332NRY,100
8GamEkiE7ZNS8GMTsVrXfUyUgLsC3UpLz3T5nYyN8Rw5,100
9WznWn8sGDLzNNZmQZYU4niFwmxp3HxhNiHsJAc3fiZL,100
Eyqjr6H2XyQJwQgZFQb4cXW2bUt8BbRXNk1MRSa3aQGk,100
HudCY9RTDdsxuwJs7GcEV2XBa5A8M6YNU6axbBLFt7zF,100
JEEni9q7TEvHDy6ab15W6cu5dnUUMm6gtVchP96Uwkxq,100
7WhrELcRymnaks6aE8P965KxN3sLmMCszzoPhkGkfzpi,100
33nU1nMvvdaTb7o7tQvE32PAZKAxttPdKA3BPPajnTGq,100
6tAmyBPXUAWZs5CZUh5trc64NCaJoKTr67jMxWocos1T,100
9HAPbog4Q2agDbm4xsHDH1sn8RW2yAv2rNC5pcgshtWr,100
3qUEw89SPkTFKpSQer8UMMumC6Q4LpaE99DspWqKsjUb,100
4pQUm5YqwaLKuYUPtCpATDUWrHcvEUgN6N2qvP7Azss8,100
